{"writerinfo": {"writer": "hpc", "date": "2023-04-20"},
 "imginfo": [{"bun": 1,
	   "info": {"fileName": "01.csv",
    	             "findList": [0, 1, 2, 3, 4, 5, 6, 7],
                          "replaceList": [[0, 0, 0],     [255, 0, 0],     [255, 192, 203],     [51, 255, 51],     [153, 204, 255],     [201, 165, 55],     [255, 255, 255]] 
                       }
                },
	  {"bun": 2,
  	  "info": {"fileName": "02.csv",
  	 	"findList": [0, 1, 2, 3, 4, 5, 6],
    		"replaceList": [[0, 0, 0],     [255, 0, 0],     [255, 192, 203],     [51, 255, 51],     [153, 204, 255],     [201, 165, 55]]
                        }
                }
            ]
}